scenario,R_mean_s_batches_mean,R_mean_s_batches_stdev,R_mean_s_batches_ci_low95,R_mean_s_batches_ci_high95,X_jobs_per_s_batches_mean,X_jobs_per_s_batches_stdev,X_jobs_per_s_batches_ci_low95,X_jobs_per_s_batches_ci_high95,U_A_batches_mean,U_A_batches_stdev,U_A_batches_ci_low95,U_A_batches_ci_high95,U_B_batches_mean,U_B_batches_stdev,U_B_batches_ci_low95,U_B_batches_ci_high95,U_P_batches_mean,U_P_batches_stdev,U_P_batches_ci_low95,U_P_batches_ci_high95
1FA (base) (steady),2.471148339586177,0.050858925836389735,2.4528117414457022,2.4894849377266515,0.3346938475723588,0.0066259079271688455,0.332304953017898,0.33708274212681966,0.23408768760821697,0.005595887460792645,0.23207015503314915,0.23610522018328478,0.26719890177692285,0.007584017118052222,0.26446457202266166,0.26993323153118404,0.13367530969522834,0.0043365388834675535,0.13211182070054353,0.13523879868991315
